Epoch,FID
10,80.10376739501953
20,62.34615707397461
30,54.92277526855469
40,53.352394104003906
50,48.270694732666016
