Epoch,FID
10,163.2173309326172
20,141.42921447753906
30,117.86517333984375
40,121.80892944335938
50,116.10542297363281
